flightId,carrierFsCode,operatingCarrierFsCode,primaryCarrierFsCode,flightNumber,departureAirportFsCode,arrivalAirportFsCode,status,codeshares,irregularOperations,departureDate.dateUtc,departureDate.dateLocal,arrivalDate.dateUtc,arrivalDate.dateLocal,schedule.flightType,schedule.serviceClasses,schedule.restrictions,schedule.uplines,schedule.downlines,operationalTimes.publishedDeparture.dateUtc,operationalTimes.publishedDeparture.dateLocal,operationalTimes.scheduledGateDeparture.dateUtc,operationalTimes.scheduledGateDeparture.dateLocal,operationalTimes.estimatedGateDeparture.dateUtc,operationalTimes.estimatedGateDeparture.dateLocal,operationalTimes.publishedArrival.dateUtc,operationalTimes.publishedArrival.dateLocal,operationalTimes.scheduledGateArrival.dateUtc,operationalTimes.scheduledGateArrival.dateLocal,operationalTimes.estimatedGateArrival.dateUtc,operationalTimes.estimatedGateArrival.dateLocal,delays.departureGateDelayMinutes,delays.arrivalGateDelayMinutes,flightDurations.scheduledBlockMinutes,airportResources.departureTerminal,airportResources.arrivalTerminal,flightEquipment.scheduledEquipmentIataCode,operationalTimes.actualGateDeparture.dateUtc,operationalTimes.actualGateDeparture.dateLocal,operationalTimes.estimatedRunwayDeparture.dateUtc,operationalTimes.estimatedRunwayDeparture.dateLocal,operationalTimes.actualRunwayDeparture.dateUtc,operationalTimes.actualRunwayDeparture.dateLocal,operationalTimes.actualGateArrival.dateUtc,operationalTimes.actualGateArrival.dateLocal,operationalTimes.estimatedRunwayArrival.dateUtc,operationalTimes.estimatedRunwayArrival.dateLocal,operationalTimes.actualRunwayArrival.dateUtc,operationalTimes.actualRunwayArrival.dateLocal,flightDurations.blockMinutes,flightDurations.airMinutes,flightDurations.taxiOutMinutes,flightDurations.taxiInMinutes,flightEquipment.actualEquipmentIataCode,flightEquipment.tailNumber,operationalTimes.flightPlanPlannedDeparture.dateUtc,operationalTimes.flightPlanPlannedDeparture.dateLocal,operationalTimes.scheduledRunwayDeparture.dateUtc,operationalTimes.scheduledRunwayDeparture.dateLocal,operationalTimes.flightPlanPlannedArrival.dateUtc,operationalTimes.flightPlanPlannedArrival.dateLocal,operationalTimes.scheduledRunwayArrival.dateUtc,operationalTimes.scheduledRunwayArrival.dateLocal,flightDurations.scheduledAirMinutes,flightDurations.scheduledTaxiOutMinutes,flightDurations.scheduledTaxiInMinutes,airportResources.arrivalGate,airportResources.baggage
1029671260,FD,FD,FD,571,WUH,DMK,U,[],[],2020-01-31T04:40:00.000Z,2020-01-31T12:40:00.000,2020-01-31T08:35:00.000Z,2020-01-31T15:35:00.000,J,Y,,[],[],2020-01-31T04:40:00.000Z,2020-01-31T12:40:00.000,2020-01-31T04:40:00.000Z,2020-01-31T12:40:00.000,2020-01-31T20:09:00.000Z,2020-02-01T04:09:00.000,2020-01-31T08:35:00.000Z,2020-01-31T15:35:00.000,2020-01-31T08:35:00.000Z,2020-01-31T15:35:00.000,2020-01-31T23:49:00.000Z,2020-02-01T06:49:00.000,929,914,235,3,T1,320,,,,,,,,,,,,,,,,,,,,,,,,,,,,,,,
1029684720,JT*,JT*,JT*,2618,WUH,DPS,U,[],[],2020-01-31T09:05:00.000Z,2020-01-31T17:05:00.000,2020-01-31T14:55:00.000Z,2020-01-31T22:55:00.000,J,FY,,[],[],2020-01-31T09:05:00.000Z,2020-01-31T17:05:00.000,2020-01-31T09:05:00.000Z,2020-01-31T17:05:00.000,2020-01-31T20:13:00.000Z,2020-02-01T04:13:00.000,2020-01-31T14:55:00.000Z,2020-01-31T22:55:00.000,2020-01-31T14:55:00.000Z,2020-01-31T22:55:00.000,2020-02-01T02:06:00.000Z,2020-02-01T10:06:00.000,668,671,350,3,I,739,,,,,,,,,,,,,,,,,,,,,,,,,,,,,,,
1029741038,UL,UL,UL,1423,WUH,CMB,L,[],[],2020-01-31T10:20:00.000Z,2020-01-31T18:20:00.000,2020-01-31T16:50:00.000Z,2020-01-31T22:20:00.000,,,,,,,,2020-01-31T10:20:00.000Z,2020-01-31T18:20:00.000,2020-01-31T20:05:00.000Z,2020-02-01T04:05:00.000,,,2020-01-31T16:50:00.000Z,2020-01-31T22:20:00.000,2020-02-01T02:28:00.000Z,2020-02-01T07:58:00.000,585,578,390,,T1,332,2020-01-31T20:05:00.000Z,2020-02-01T04:05:00.000,2020-01-31T20:21:00.000Z,2020-02-01T04:21:00.000,2020-01-31T20:21:00.000Z,2020-02-01T04:21:00.000,2020-02-01T02:28:00.000Z,2020-02-01T07:58:00.000,2020-02-01T02:12:00.000Z,2020-02-01T07:42:00.000,2020-02-01T02:12:00.000Z,2020-02-01T07:42:00.000,383,351,16,16,332,4R-ALS,,,,,,,,,,,,,
1029671258,FD,FD,FD,573,WUH,DMK,U,[],[],2020-01-31T13:20:00.000Z,2020-01-31T21:20:00.000,2020-01-31T17:05:00.000Z,2020-02-01T00:05:00.000,J,Y,,[],[],2020-01-31T13:20:00.000Z,2020-01-31T21:20:00.000,2020-01-31T13:20:00.000Z,2020-01-31T21:20:00.000,2020-01-31T20:07:00.000Z,2020-02-01T04:07:00.000,2020-01-31T17:05:00.000Z,2020-02-01T00:05:00.000,2020-01-31T17:05:00.000Z,2020-02-01T00:05:00.000,2020-01-31T23:25:00.000Z,2020-02-01T06:25:00.000,407,380,225,3,T1,320,,,,,,,,,,,,,,,,,,,,,,,,,,,,,,,
1029778430,FD,FD,FD,809,WUH,HKT,C,[],"[{'type': 'CANCELLATION', 'dateUtc': '2020-02-01T01:14:54.475Z'}]",2020-01-31T16:10:00.000Z,2020-02-01T00:10:00.000,2020-01-31T20:40:00.000Z,2020-02-01T03:40:00.000,J,Y,,[],[],2020-01-31T16:10:00.000Z,2020-02-01T00:10:00.000,2020-01-31T16:10:00.000Z,2020-02-01T00:10:00.000,2020-01-31T20:18:00.000Z,2020-02-01T04:18:00.000,2020-01-31T20:40:00.000Z,2020-02-01T03:40:00.000,2020-01-31T20:40:00.000Z,2020-02-01T03:40:00.000,2020-02-01T01:32:00.000Z,2020-02-01T08:32:00.000,248,292,270,3,2,320,,,,,,,,,,,,,,,,,,,,,,,,,,,,,,,
1029805107,O3,O3,O3,6955,WUH,HGH,U,[],[],2020-01-31T16:15:00.000Z,2020-02-01T00:15:00.000,2020-01-31T17:35:00.000Z,2020-02-01T01:35:00.000,F,,,[],[],2020-01-31T16:15:00.000Z,2020-02-01T00:15:00.000,2020-01-31T16:15:00.000Z,2020-02-01T00:15:00.000,,,2020-01-31T17:35:00.000Z,2020-02-01T01:35:00.000,2020-01-31T17:35:00.000Z,2020-02-01T01:35:00.000,,,,,80,,,73F,,,,,,,,,,,,,,,,,,,,,,,,,,,,,,,
1029808606,Q2,Q2,Q2,365,WUH,BKK,U,[],[],2020-01-31T16:35:00.000Z,2020-02-01T00:35:00.000,2020-01-31T20:25:00.000Z,2020-02-01T03:25:00.000,J,RFJY,I,[],"[{'fsCode': 'MLE', 'flightId': 1029808613}]",2020-01-31T16:35:00.000Z,2020-02-01T00:35:00.000,2020-01-31T16:35:00.000Z,2020-02-01T00:35:00.000,2020-01-31T20:12:00.000Z,2020-02-01T04:12:00.000,2020-01-31T20:25:00.000Z,2020-02-01T03:25:00.000,2020-01-31T20:25:00.000Z,2020-02-01T03:25:00.000,2020-01-31T23:28:00.000Z,2020-02-01T06:28:00.000,217,183,230,,,320,,,,,,,,,,,,,,,,,,,,,,,,,,,,,,,
1029818397,TR,TR,TR,121,WUH,SIN,C,"[{'fsCode': 'MI', 'flightNumber': '8449', 'relationship': 'L'}, {'fsCode': 'SQ', 'flightNumber': '8449', 'relationship': 'L'}]","[{'type': 'CANCELLATION', 'dateUtc': '2020-02-01T01:13:31.543Z'}]",2020-01-31T16:40:00.000Z,2020-02-01T00:40:00.000,2020-01-31T21:30:00.000Z,2020-02-01T05:30:00.000,J,RFJY,,[],[],2020-01-31T16:40:00.000Z,2020-02-01T00:40:00.000,2020-01-31T16:40:00.000Z,2020-02-01T00:40:00.000,2020-01-31T20:17:00.000Z,2020-02-01T04:17:00.000,2020-01-31T21:30:00.000Z,2020-02-01T05:30:00.000,2020-01-31T21:30:00.000Z,2020-02-01T05:30:00.000,2020-02-01T00:42:00.000Z,2020-02-01T08:42:00.000,217,192,290,,1,789,,,,,,,,,,,,,,,,,,,,,,,,,,,,,,,
1029659660,CZ,CZ,CZ,645,WUH,FCO,U,"[{'fsCode': 'AZ', 'flightNumber': '7911', 'relationship': 'L'}]",[],2020-01-31T17:00:00.000Z,2020-02-01T01:00:00.000,2020-02-01T05:15:00.000Z,2020-02-01T06:15:00.000,J,RFJY,,"[{'fsCode': 'CAN', 'flightId': 1029659628}]",[],2020-01-31T17:00:00.000Z,2020-02-01T01:00:00.000,2020-01-31T17:00:00.000Z,2020-02-01T01:00:00.000,,,2020-02-01T05:15:00.000Z,2020-02-01T06:15:00.000,2020-02-01T05:15:00.000Z,2020-02-01T06:15:00.000,,,,,735,,3,788,,,,,,,,,,,,,,,,,,,,,,,,,,,,,,,
1029766862,8Y*,8Y*,8Y*,9015,WUH,NKG,U,[],[],2020-01-31T17:35:00.000Z,2020-02-01T01:35:00.000,2020-01-31T18:40:00.000Z,2020-02-01T02:40:00.000,F,,,[],[],2020-01-31T17:35:00.000Z,2020-02-01T01:35:00.000,2020-01-31T17:35:00.000Z,2020-02-01T01:35:00.000,,,2020-01-31T18:40:00.000Z,2020-02-01T02:40:00.000,2020-01-31T18:40:00.000Z,2020-02-01T02:40:00.000,,,,,65,,,73F,,,,,,,,,,,,,,,,,,,,,,,,,,,,,,,
1029806517,OZ,OZ,OZ,929,WUH,ANC,U,[],[],2020-01-31T21:00:00.000Z,2020-02-01T05:00:00.000,2020-02-01T06:00:00.000Z,2020-01-31T21:00:00.000,F,,I,"[{'fsCode': 'ICN', 'flightId': 1029806515}]","[{'fsCode': 'LCK', 'flightId': 1029806518}]",2020-01-31T21:00:00.000Z,2020-02-01T05:00:00.000,2020-01-31T21:00:00.000Z,2020-02-01T05:00:00.000,2020-01-31T21:00:00.000Z,2020-02-01T05:00:00.000,2020-02-01T06:00:00.000Z,2020-01-31T21:00:00.000,2020-02-01T06:00:00.000Z,2020-01-31T21:00:00.000,2020-02-01T06:00:00.000Z,2020-01-31T21:00:00.000,,,540,,,74F,,,,,,,,,,,,,,,,,741,,2020-01-31T21:10:00.000Z,2020-02-01T05:10:00.000,2020-01-31T21:10:00.000Z,2020-02-01T05:10:00.000,2020-02-01T05:02:00.000Z,2020-01-31T20:02:00.000,2020-02-01T05:02:00.000Z,2020-01-31T20:02:00.000,472,10,58,,
1029834267,Y8,Y8,Y8,7992,WUH,CAN,U,[],[],2020-01-31T21:55:00.000Z,2020-02-01T05:55:00.000,2020-01-31T23:45:00.000Z,2020-02-01T07:45:00.000,F,,,[],[],2020-01-31T21:55:00.000Z,2020-02-01T05:55:00.000,2020-01-31T21:55:00.000Z,2020-02-01T05:55:00.000,,,2020-01-31T23:45:00.000Z,2020-02-01T07:45:00.000,2020-01-31T23:45:00.000Z,2020-02-01T07:45:00.000,,,,,110,,,73Y,,,,,,,,,,,,,,,,,,,,,,,,,,,,,,,
1029800291,MU,MU,MU,2545,WUH,YNZ,U,[],[],2020-01-31T23:20:00.000Z,2020-02-01T07:20:00.000,2020-02-01T00:45:00.000Z,2020-02-01T08:45:00.000,J,RFJY,,[],"[{'fsCode': 'SHE', 'flightId': 1029800304}]",2020-01-31T23:20:00.000Z,2020-02-01T07:20:00.000,2020-01-31T23:20:00.000Z,2020-02-01T07:20:00.000,,,2020-02-01T00:45:00.000Z,2020-02-01T08:45:00.000,2020-02-01T00:45:00.000Z,2020-02-01T08:45:00.000,,,,,85,,,73H,,,,,,,,,,,,,,,,,,,,,,,,,,,,,,,
1029800324,MU,MU,MU,2527,WUH,SYX,U,[],[],2020-01-31T23:25:00.000Z,2020-02-01T07:25:00.000,2020-02-01T02:05:00.000Z,2020-02-01T10:05:00.000,J,RFJY,,[],[],2020-01-31T23:25:00.000Z,2020-02-01T07:25:00.000,2020-01-31T23:25:00.000Z,2020-02-01T07:25:00.000,,,2020-02-01T02:05:00.000Z,2020-02-01T10:05:00.000,2020-02-01T02:05:00.000Z,2020-02-01T10:05:00.000,,,,,160,,,737,,,,,,,,,,,,,,,,,,,,,,,,,,,,,,,
1029800261,MU,MU,MU,2671,WUH,BHY,U,[],[],2020-01-31T23:25:00.000Z,2020-02-01T07:25:00.000,2020-02-01T01:30:00.000Z,2020-02-01T09:30:00.000,J,RFJY,,[],[],2020-01-31T23:25:00.000Z,2020-02-01T07:25:00.000,2020-01-31T23:25:00.000Z,2020-02-01T07:25:00.000,,,2020-02-01T01:30:00.000Z,2020-02-01T09:30:00.000,2020-02-01T01:30:00.000Z,2020-02-01T09:30:00.000,,,,,125,,,738,,,,,,,,,,,,,,,,,,,,,,,,,,,,,,,
1029800331,MU,MU,MU,2602,WUH,CAN,U,[],[],2020-01-31T23:35:00.000Z,2020-02-01T07:35:00.000,2020-02-01T01:25:00.000Z,2020-02-01T09:25:00.000,J,RFJY,,[],[],2020-01-31T23:35:00.000Z,2020-02-01T07:35:00.000,2020-01-31T23:35:00.000Z,2020-02-01T07:35:00.000,,,2020-02-01T01:25:00.000Z,2020-02-01T09:25:00.000,2020-02-01T01:25:00.000Z,2020-02-01T09:25:00.000,,,,,110,,1,738,,,,,,,,,,,,,,,,,,,,,,,,,,,,,,,
1029800791,MU,MU,MU,517,WUH,PVG,U,"[{'fsCode': 'AF', 'flightNumber': '5207', 'relationship': 'L'}, {'fsCode': 'DL', 'flightNumber': '6505', 'relationship': 'L'}, {'fsCode': 'JL', 'flightNumber': '5626', 'relationship': 'L'}, {'fsCode': 'KL', 'flightNumber': '8758', 'relationship': 'L'}, {'fsCode': 'VN', 'flightNumber': '3528', 'relationship': 'L'}]",[],2020-01-31T23:40:00.000Z,2020-02-01T07:40:00.000,2020-02-01T01:15:00.000Z,2020-02-01T09:15:00.000,J,RFJY,,[],"[{'fsCode': 'FUK', 'flightId': 1029800797}]",2020-01-31T23:40:00.000Z,2020-02-01T07:40:00.000,2020-01-31T23:40:00.000Z,2020-02-01T07:40:00.000,,,2020-02-01T01:15:00.000Z,2020-02-01T09:15:00.000,2020-02-01T01:15:00.000Z,2020-02-01T09:15:00.000,,,,,95,,1,73H,,,,,,,,,,,,,,,,,,,,,,,,,,,,,,,
1029800211,MU,MU,MU,2477,WUH,SZX,U,"[{'fsCode': 'CZ', 'flightNumber': '9396', 'relationship': 'L'}]",[],2020-01-31T23:55:00.000Z,2020-02-01T07:55:00.000,2020-02-01T01:50:00.000Z,2020-02-01T09:50:00.000,J,RFJY,,[],[],2020-01-31T23:55:00.000Z,2020-02-01T07:55:00.000,2020-01-31T23:55:00.000Z,2020-02-01T07:55:00.000,,,2020-02-01T01:50:00.000Z,2020-02-01T09:50:00.000,2020-02-01T01:50:00.000Z,2020-02-01T09:50:00.000,,,,,115,,,738,,,,,,,,,,,,,,,,,,,,,,,,,,,,,,,
1029800205,MU,MU,MU,2497,WUH,KMG,U,[],[],2020-02-01T00:10:00.000Z,2020-02-01T08:10:00.000,2020-02-01T02:25:00.000Z,2020-02-01T10:25:00.000,J,RFJY,,[],[],2020-02-01T00:10:00.000Z,2020-02-01T08:10:00.000,2020-02-01T00:10:00.000Z,2020-02-01T08:10:00.000,,,2020-02-01T02:25:00.000Z,2020-02-01T10:25:00.000,2020-02-01T02:25:00.000Z,2020-02-01T10:25:00.000,,,,,135,,,738,,,,,,,,,,,,,,,,,,,,,,,,,,,,,,,
1029800210,MU,MU,MU,2517,WUH,TAO,U,[],[],2020-02-01T00:20:00.000Z,2020-02-01T08:20:00.000,2020-02-01T02:25:00.000Z,2020-02-01T10:25:00.000,J,RFJY,,[],"[{'fsCode': 'DLC', 'flightId': 1029800212}]",2020-02-01T00:20:00.000Z,2020-02-01T08:20:00.000,2020-02-01T00:20:00.000Z,2020-02-01T08:20:00.000,,,2020-02-01T02:25:00.000Z,2020-02-01T10:25:00.000,2020-02-01T02:25:00.000Z,2020-02-01T10:25:00.000,,,,,125,,,73H,,,,,,,,,,,,,,,,,,,,,,,,,,,,,,,
1029800299,MU,MU,MU,2603,WUH,ENH,U,[],[],2020-02-01T00:45:00.000Z,2020-02-01T08:45:00.000,2020-02-01T01:55:00.000Z,2020-02-01T09:55:00.000,J,RFJY,,[],"[{'fsCode': 'KWE', 'flightId': 1029800302}]",2020-02-01T00:45:00.000Z,2020-02-01T08:45:00.000,2020-02-01T00:45:00.000Z,2020-02-01T08:45:00.000,,,2020-02-01T01:55:00.000Z,2020-02-01T09:55:00.000,2020-02-01T01:55:00.000Z,2020-02-01T09:55:00.000,,,,,70,,,738,,,,,,,,,,,,,,,,,,,,,,,,,,,,,,,
1029800152,MU,MU,MU,2501,WUH,SHA,U,"[{'fsCode': 'CZ', 'flightNumber': '9333', 'relationship': 'L'}]",[],2020-02-01T00:50:00.000Z,2020-02-01T08:50:00.000,2020-02-01T02:15:00.000Z,2020-02-01T10:15:00.000,J,RFJY,,[],[],2020-02-01T00:50:00.000Z,2020-02-01T08:50:00.000,2020-02-01T00:50:00.000Z,2020-02-01T08:50:00.000,,,2020-02-01T02:15:00.000Z,2020-02-01T10:15:00.000,2020-02-01T02:15:00.000Z,2020-02-01T10:15:00.000,,,,,85,,2,737,,,,,,,,,,,,,,,,,,,,,,,,,,,,,,,
1029800157,MU,MU,MU,2451,WUH,PEK,U,"[{'fsCode': 'CZ', 'flightNumber': '9112', 'relationship': 'L'}, {'fsCode': 'DL', 'flightNumber': '6461', 'relationship': 'L'}]",[],2020-02-01T00:55:00.000Z,2020-02-01T08:55:00.000,2020-02-01T02:55:00.000Z,2020-02-01T10:55:00.000,J,RFJY,,[],[],2020-02-01T00:55:00.000Z,2020-02-01T08:55:00.000,2020-02-01T00:55:00.000Z,2020-02-01T08:55:00.000,,,2020-02-01T02:55:00.000Z,2020-02-01T10:55:00.000,2020-02-01T02:55:00.000Z,2020-02-01T10:55:00.000,,,,,120,,2,73H,,,,,,,,,,,,,,,,,,,,,,,,,,,,,,,
1029946695,PN,PN,PN,6219,WUH,FOC,C,[],"[{'type': 'CANCELLATION', 'dateUtc': '2020-01-31T15:34:55.190Z'}]",2020-02-01T01:00:00.000Z,2020-02-01T09:00:00.000,2020-02-01T02:30:00.000Z,2020-02-01T10:30:00.000,,,,,,,,2020-02-01T01:00:00.000Z,2020-02-01T09:00:00.000,,,,,2020-02-01T02:30:00.000Z,2020-02-01T10:30:00.000,,,,,90,,,,,,,,,,,,,,,,,,,,,,,,,,,,,,,,,,
1029800229,MU,MU,MU,2628,WUH,UYN,U,[],[],2020-02-01T01:25:00.000Z,2020-02-01T09:25:00.000,2020-02-01T03:20:00.000Z,2020-02-01T11:20:00.000,J,RFJY,,[],[],2020-02-01T01:25:00.000Z,2020-02-01T09:25:00.000,2020-02-01T01:25:00.000Z,2020-02-01T09:25:00.000,2020-02-01T01:25:00.000Z,2020-02-01T09:25:00.000,2020-02-01T03:20:00.000Z,2020-02-01T11:20:00.000,2020-02-01T03:20:00.000Z,2020-02-01T11:20:00.000,2020-02-01T03:20:00.000Z,2020-02-01T11:20:00.000,,,115,3,,738,,,,,,,,,,,,,,,,,,,,,,,,,,,,,,,
1029800101,MU,MU,MU,2464,WUH,CTU,U,"[{'fsCode': 'KL', 'flightNumber': '8848', 'relationship': 'L'}]",[],2020-02-01T01:45:00.000Z,2020-02-01T09:45:00.000,2020-02-01T03:45:00.000Z,2020-02-01T11:45:00.000,J,RFJY,,[],[],2020-02-01T01:45:00.000Z,2020-02-01T09:45:00.000,2020-02-01T01:45:00.000Z,2020-02-01T09:45:00.000,,,2020-02-01T03:45:00.000Z,2020-02-01T11:45:00.000,2020-02-01T03:45:00.000Z,2020-02-01T11:45:00.000,,,,,120,,2,73H,,,,,,,,,,,,,,,,,,,,,,,,,,,,,,,
1029805821,CQN,CQN,CQN,2075,WUH,HPG,U,[],[],2020-02-01T01:55:00.000Z,2020-02-01T09:55:00.000,2020-02-01T03:10:00.000Z,2020-02-01T11:10:00.000,J,Y,,"[{'fsCode': 'CKG', 'flightId': 1029805816}]",[],2020-02-01T01:55:00.000Z,2020-02-01T09:55:00.000,2020-02-01T01:55:00.000Z,2020-02-01T09:55:00.000,,,2020-02-01T03:10:00.000Z,2020-02-01T11:10:00.000,2020-02-01T03:10:00.000Z,2020-02-01T11:10:00.000,,,,,75,,,319,,,,,,,,,,,,,,,,,,,,,,,,,,,,,,,
1029800322,MU,MU,MU,2537,WUH,YNT,U,[],[],2020-02-01T02:00:00.000Z,2020-02-01T10:00:00.000,2020-02-01T03:55:00.000Z,2020-02-01T11:55:00.000,J,RFJY,,[],"[{'fsCode': 'HRB', 'flightId': 1029800328}]",2020-02-01T02:00:00.000Z,2020-02-01T10:00:00.000,2020-02-01T02:00:00.000Z,2020-02-01T10:00:00.000,,,2020-02-01T03:55:00.000Z,2020-02-01T11:55:00.000,2020-02-01T03:55:00.000Z,2020-02-01T11:55:00.000,,,,,115,,,73H,,,,,,,,,,,,,,,,,,,,,,,,,,,,,,,
1029743329,3U,3U,3U,8985,WUH,NTG,U,[],[],2020-02-01T02:20:00.000Z,2020-02-01T10:20:00.000,2020-02-01T03:35:00.000Z,2020-02-01T11:35:00.000,J,RJY,,"[{'fsCode': 'CTU', 'flightId': 1029743319}]",[],2020-02-01T02:20:00.000Z,2020-02-01T10:20:00.000,2020-02-01T02:20:00.000Z,2020-02-01T10:20:00.000,,,2020-02-01T03:35:00.000Z,2020-02-01T11:35:00.000,2020-02-01T03:35:00.000Z,2020-02-01T11:35:00.000,,,,,75,,,319,,,,,,,,,,,,,,,,,,,,,,,,,,,,,,,
1029800203,MU,MU,MU,2507,WUH,SHA,U,"[{'fsCode': 'CZ', 'flightNumber': '9330', 'relationship': 'L'}]",[],2020-02-01T02:25:00.000Z,2020-02-01T10:25:00.000,2020-02-01T03:50:00.000Z,2020-02-01T11:50:00.000,J,RFJY,,[],[],2020-02-01T02:25:00.000Z,2020-02-01T10:25:00.000,2020-02-01T02:25:00.000Z,2020-02-01T10:25:00.000,2020-02-01T02:25:00.000Z,2020-02-01T10:25:00.000,2020-02-01T03:50:00.000Z,2020-02-01T11:50:00.000,2020-02-01T03:50:00.000Z,2020-02-01T11:50:00.000,2020-02-01T03:50:00.000Z,2020-02-01T11:50:00.000,,,85,3,2,73H,,,,,,,,,,,,,,,,,,,,,,,,,,,,,,,
1029947778,GS,GS,GS,7687A,WUH,XMN,C,[],"[{'type': 'CANCELLATION', 'dateUtc': '2020-01-31T19:33:43.689Z'}]",2020-02-01T02:25:00.000Z,2020-02-01T10:25:00.000,2020-02-01T04:00:00.000Z,2020-02-01T12:00:00.000,,,,,,,,2020-02-01T02:25:00.000Z,2020-02-01T10:25:00.000,,,,,2020-02-01T04:00:00.000Z,2020-02-01T12:00:00.000,,,,,95,,,,,,,,,,,,,,,,,,,,32F,,,,,,,,,,,,,,
1029946987,HU,HU,HU,7581,WUH,HAK,C,[],"[{'type': 'CANCELLATION', 'dateUtc': '2020-01-31T16:22:29.306Z'}]",2020-02-01T02:35:00.000Z,2020-02-01T10:35:00.000,2020-02-01T04:55:00.000Z,2020-02-01T12:55:00.000,,,,,,,,2020-02-01T02:35:00.000Z,2020-02-01T10:35:00.000,,,,,2020-02-01T04:55:00.000Z,2020-02-01T12:55:00.000,,,,,140,,,,,,,,,,,,,,,,,,,,73C,,,,,,,,,,,,,,
1029835271,ZH,ZH,ZH,9127,WUH,HET,C,"[{'fsCode': 'CA', 'flightNumber': '3427', 'relationship': 'L'}]","[{'type': 'CANCELLATION', 'dateUtc': '2020-01-31T12:06:44.574Z'}]",2020-02-01T02:50:00.000Z,2020-02-01T10:50:00.000,2020-02-01T05:00:00.000Z,2020-02-01T13:00:00.000,J,RFJY,,"[{'fsCode': 'SZX', 'flightId': 1029835243}]",[],2020-02-01T02:50:00.000Z,2020-02-01T10:50:00.000,2020-02-01T02:50:00.000Z,2020-02-01T10:50:00.000,2020-02-01T02:50:00.000Z,2020-02-01T10:50:00.000,2020-02-01T05:00:00.000Z,2020-02-01T13:00:00.000,2020-02-01T05:00:00.000Z,2020-02-01T13:00:00.000,2020-02-01T05:00:00.000Z,2020-02-01T13:00:00.000,,,130,3,,738,,,,,,,,,,,,,,,,,,,,,,,,,,,,,,,
1029947575,HU,HU,HU,7658,WUH,HAK,C,[],"[{'type': 'CANCELLATION', 'dateUtc': '2020-01-31T18:45:46.968Z'}]",2020-02-01T03:10:00.000Z,2020-02-01T11:10:00.000,2020-02-01T05:45:00.000Z,2020-02-01T13:45:00.000,,,,,,,,2020-02-01T03:10:00.000Z,2020-02-01T11:10:00.000,,,,,2020-02-01T05:45:00.000Z,2020-02-01T13:45:00.000,,,,,155,,,,,,,,,,,,,,,,,,,,73C,,,,,,,,,,,,,,
1029800166,MU,MU,MU,2460,WUH,ENH,U,[],[],2020-02-01T03:25:00.000Z,2020-02-01T11:25:00.000,2020-02-01T04:40:00.000Z,2020-02-01T12:40:00.000,J,RFJY,,"[{'fsCode': 'PEK', 'flightId': 1029800153}]",[],2020-02-01T03:25:00.000Z,2020-02-01T11:25:00.000,2020-02-01T03:25:00.000Z,2020-02-01T11:25:00.000,,,2020-02-01T04:40:00.000Z,2020-02-01T12:40:00.000,2020-02-01T04:40:00.000Z,2020-02-01T12:40:00.000,,,,,75,,,73H,,,,,,,,,,,,,,,,,,,,,,,,,,,,,,,
1029800269,MU,MU,MU,2681,WUH,BHY,U,[],[],2020-02-01T11:05:00.000Z,2020-02-01T19:05:00.000,2020-02-01T13:20:00.000Z,2020-02-01T21:20:00.000,J,RFJY,,[],[],2020-02-01T11:05:00.000Z,2020-02-01T19:05:00.000,2020-02-01T11:05:00.000Z,2020-02-01T19:05:00.000,2020-02-01T02:55:00.000Z,2020-02-01T10:55:00.000,2020-02-01T13:20:00.000Z,2020-02-01T21:20:00.000,2020-02-01T13:20:00.000Z,2020-02-01T21:20:00.000,2020-02-01T05:05:00.000Z,2020-02-01T13:05:00.000,,,135,3,,73H,,,,,,,,,,,,,,,,,,,,,,,,,,,,,,,
1029778352,FD,FD,FD,571,WUH,DMK,C,[],"[{'type': 'CANCELLATION', 'dateUtc': '2020-02-01T02:30:16.608Z'}]",2020-02-01T04:40:00.000Z,2020-02-01T12:40:00.000,2020-02-01T08:35:00.000Z,2020-02-01T15:35:00.000,J,Y,,[],[],2020-02-01T04:40:00.000Z,2020-02-01T12:40:00.000,2020-02-01T04:40:00.000Z,2020-02-01T12:40:00.000,2020-02-01T04:40:00.000Z,2020-02-01T12:40:00.000,2020-02-01T08:35:00.000Z,2020-02-01T15:35:00.000,2020-02-01T08:35:00.000Z,2020-02-01T15:35:00.000,2020-02-01T08:35:00.000Z,2020-02-01T15:35:00.000,,,235,3,T1,320,,,,,,,,,,,,,,,,,,,,,,,,,,,,,,,
1029658787,CZ,CZ,CZ,356,WUH,CAN,U,"[{'fsCode': 'SU', 'flightNumber': '3982', 'relationship': 'L'}]",[],2020-02-01T04:45:00.000Z,2020-02-01T12:45:00.000,2020-02-01T06:30:00.000Z,2020-02-01T14:30:00.000,J,RFJY,,"[{'fsCode': 'SVO', 'flightId': 1029658779}]",[],2020-02-01T04:45:00.000Z,2020-02-01T12:45:00.000,2020-02-01T04:45:00.000Z,2020-02-01T12:45:00.000,,,2020-02-01T06:30:00.000Z,2020-02-01T14:30:00.000,2020-02-01T06:30:00.000Z,2020-02-01T14:30:00.000,,,,,105,,2,330,,,,,,,,,,,,,,,,,,,,,,,,,,,,,,,
1029800186,MU,MU,MU,2473,WUH,NGB,U,"[{'fsCode': 'AF', 'flightNumber': '4415', 'relationship': 'L'}]",[],2020-02-01T04:55:00.000Z,2020-02-01T12:55:00.000,2020-02-01T06:25:00.000Z,2020-02-01T14:25:00.000,J,RFJY,,"[{'fsCode': 'LHW', 'flightId': 1029800173}]",[],2020-02-01T04:55:00.000Z,2020-02-01T12:55:00.000,2020-02-01T04:55:00.000Z,2020-02-01T12:55:00.000,,,2020-02-01T06:25:00.000Z,2020-02-01T14:25:00.000,2020-02-01T06:25:00.000Z,2020-02-01T14:25:00.000,,,,,90,,,73H,,,,,,,,,,,,,,,,,,,,,,,,,,,,,,,
1029835308,ZH,ZH,ZH,9370,WUH,NNG,C,"[{'fsCode': 'CA', 'flightNumber': '3462', 'relationship': 'L'}]","[{'type': 'CANCELLATION', 'dateUtc': '2020-01-31T12:55:48.174Z'}]",2020-02-01T05:10:00.000Z,2020-02-01T13:10:00.000,2020-02-01T07:35:00.000Z,2020-02-01T15:35:00.000,J,RFJY,,"[{'fsCode': 'SHE', 'flightId': 1029835300}]",[],2020-02-01T05:10:00.000Z,2020-02-01T13:10:00.000,2020-02-01T05:10:00.000Z,2020-02-01T13:10:00.000,2020-02-01T05:10:00.000Z,2020-02-01T13:10:00.000,2020-02-01T07:35:00.000Z,2020-02-01T15:35:00.000,2020-02-01T07:35:00.000Z,2020-02-01T15:35:00.000,2020-02-01T07:35:00.000Z,2020-02-01T15:35:00.000,,,145,3,T2,738,,,,,,,,,,,,,,,,,,,,,,,,,,,,,,,
1029835173,ZH,ZH,ZH,8773,WUH,LHW,C,"[{'fsCode': 'CA', 'flightNumber': '3573', 'relationship': 'L'}]","[{'type': 'CANCELLATION', 'dateUtc': '2020-01-31T14:50:53.035Z'}]",2020-02-01T05:25:00.000Z,2020-02-01T13:25:00.000,2020-02-01T08:00:00.000Z,2020-02-01T16:00:00.000,J,RFJY,,"[{'fsCode': 'JJN', 'flightId': 1029835162}]",[],2020-02-01T05:25:00.000Z,2020-02-01T13:25:00.000,2020-02-01T05:25:00.000Z,2020-02-01T13:25:00.000,2020-02-01T05:25:00.000Z,2020-02-01T13:25:00.000,2020-02-01T08:00:00.000Z,2020-02-01T16:00:00.000,2020-02-01T08:00:00.000Z,2020-02-01T16:00:00.000,2020-02-01T08:00:00.000Z,2020-02-01T16:00:00.000,,,155,3,T2,320,,,,,,,,,,,,,,,,,,,,,,,,,,,,,,,
1029800274,MU,MU,MU,2651,WUH,CTU,U,"[{'fsCode': 'AF', 'flightNumber': '3912', 'relationship': 'L'}]",[],2020-02-01T05:30:00.000Z,2020-02-01T13:30:00.000,2020-02-01T07:35:00.000Z,2020-02-01T15:35:00.000,J,RFJY,,[],[],2020-02-01T05:30:00.000Z,2020-02-01T13:30:00.000,2020-02-01T05:30:00.000Z,2020-02-01T13:30:00.000,,,2020-02-01T07:35:00.000Z,2020-02-01T15:35:00.000,2020-02-01T07:35:00.000Z,2020-02-01T15:35:00.000,,,,,125,,2,73H,,,,,,,,,,,,,,,,,,,,,,,,,,,,,,,
1029800124,MU,MU,MU,2499,WUH,PEK,U,[],[],2020-02-01T05:50:00.000Z,2020-02-01T13:50:00.000,2020-02-01T07:50:00.000Z,2020-02-01T15:50:00.000,J,RFJY,,[],[],2020-02-01T05:50:00.000Z,2020-02-01T13:50:00.000,2020-02-01T05:50:00.000Z,2020-02-01T13:50:00.000,,,2020-02-01T07:50:00.000Z,2020-02-01T15:50:00.000,2020-02-01T07:50:00.000Z,2020-02-01T15:50:00.000,,,,,120,,2,738,,,,,,,,,,,,,,,,,,,,,,,,,,,,,,,
1029800134,MU,MU,MU,2478,WUH,JNZ,U,[],[],2020-02-01T05:50:00.000Z,2020-02-01T13:50:00.000,2020-02-01T08:30:00.000Z,2020-02-01T16:30:00.000,J,RFJY,,"[{'fsCode': 'SZX', 'flightId': 1029800120}]",[],2020-02-01T05:50:00.000Z,2020-02-01T13:50:00.000,2020-02-01T05:50:00.000Z,2020-02-01T13:50:00.000,,,2020-02-01T08:30:00.000Z,2020-02-01T16:30:00.000,2020-02-01T08:30:00.000Z,2020-02-01T16:30:00.000,,,,,160,,,738,,,,,,,,,,,,,,,,,,,,,,,,,,,,,,,
1029800282,MU,MU,MU,2521,WUH,SHA,U,"[{'fsCode': 'CZ', 'flightNumber': '9331', 'relationship': 'L'}]",[],2020-02-01T05:55:00.000Z,2020-02-01T13:55:00.000,2020-02-01T07:35:00.000Z,2020-02-01T15:35:00.000,J,RFJY,,[],[],2020-02-01T05:55:00.000Z,2020-02-01T13:55:00.000,2020-02-01T05:55:00.000Z,2020-02-01T13:55:00.000,,,2020-02-01T07:35:00.000Z,2020-02-01T15:35:00.000,2020-02-01T07:35:00.000Z,2020-02-01T15:35:00.000,,,,,100,,2,738,,,,,,,,,,,,,,,,,,,,,,,,,,,,,,,
1029945725,PN,PN,PN,6220,WUH,CKG,C,[],"[{'type': 'CANCELLATION', 'dateUtc': '2020-01-31T11:41:24.502Z'}]",2020-02-01T06:10:00.000Z,2020-02-01T14:10:00.000,2020-02-01T08:05:00.000Z,2020-02-01T16:05:00.000,,,,,,,,2020-02-01T06:10:00.000Z,2020-02-01T14:10:00.000,,,,,2020-02-01T08:05:00.000Z,2020-02-01T16:05:00.000,,,,,115,,,,,,,,,,,,,,,,,,,,,,,,,,,,,,,,,,
1029787910,SJO,SJO,SJO,302,WUH,NRT,C,[],"[{'type': 'CANCELLATION', 'dateUtc': '2020-02-01T02:05:39.741Z'}]",2020-02-01T06:20:00.000Z,2020-02-01T14:20:00.000,2020-02-01T10:00:00.000Z,2020-02-01T19:00:00.000,J,Y,M,[],[],2020-02-01T06:20:00.000Z,2020-02-01T14:20:00.000,2020-02-01T06:20:00.000Z,2020-02-01T14:20:00.000,2020-02-01T06:20:00.000Z,2020-02-01T14:20:00.000,2020-02-01T10:00:00.000Z,2020-02-01T19:00:00.000,2020-02-01T10:00:00.000Z,2020-02-01T19:00:00.000,2020-02-01T10:00:00.000Z,2020-02-01T19:00:00.000,,,220,3,3,737,,,,,,,,,,,,,,,,,,,,,,,,,,,,,,,
1029800256,MU,MU,MU,2539,WUH,CKG,U,[],[],2020-02-01T06:25:00.000Z,2020-02-01T14:25:00.000,2020-02-01T08:05:00.000Z,2020-02-01T16:05:00.000,J,RFJY,,[],[],2020-02-01T06:25:00.000Z,2020-02-01T14:25:00.000,2020-02-01T06:25:00.000Z,2020-02-01T14:25:00.000,,,2020-02-01T08:05:00.000Z,2020-02-01T16:05:00.000,2020-02-01T08:05:00.000Z,2020-02-01T16:05:00.000,,,,,100,,3,738,,,,,,,,,,,,,,,,,,,,,,,,,,,,,,,
1029800258,MU,MU,MU,2618,WUH,CTU,U,[],[],2020-02-01T06:30:00.000Z,2020-02-01T14:30:00.000,2020-02-01T08:45:00.000Z,2020-02-01T16:45:00.000,J,RFJY,,"[{'fsCode': 'HIA', 'flightId': 1029800241}]",[],2020-02-01T06:30:00.000Z,2020-02-01T14:30:00.000,2020-02-01T06:30:00.000Z,2020-02-01T14:30:00.000,,,2020-02-01T08:45:00.000Z,2020-02-01T16:45:00.000,2020-02-01T08:45:00.000Z,2020-02-01T16:45:00.000,,,,,135,,2,738,,,,,,,,,,,,,,,,,,,,,,,,,,,,,,,
1029800329,MU,MU,MU,2557,WUH,SZX,U,[],[],2020-02-01T06:40:00.000Z,2020-02-01T14:40:00.000,2020-02-01T08:35:00.000Z,2020-02-01T16:35:00.000,J,RFJY,,"[{'fsCode': 'JNZ', 'flightId': 1029800314}]",[],2020-02-01T06:40:00.000Z,2020-02-01T14:40:00.000,2020-02-01T06:40:00.000Z,2020-02-01T14:40:00.000,,,2020-02-01T08:35:00.000Z,2020-02-01T16:35:00.000,2020-02-01T08:35:00.000Z,2020-02-01T16:35:00.000,,,,,115,,,73H,,,,,,,,,,,,,,,,,,,,,,,,,,,,,,,
1029800143,MU,MU,MU,2481,WUH,RIZ,U,[],[],2020-02-01T06:45:00.000Z,2020-02-01T14:45:00.000,2020-02-01T08:20:00.000Z,2020-02-01T16:20:00.000,J,RFJY,,"[{'fsCode': 'KMG', 'flightId': 1029800140}]",[],2020-02-01T06:45:00.000Z,2020-02-01T14:45:00.000,2020-02-01T06:45:00.000Z,2020-02-01T14:45:00.000,,,2020-02-01T08:20:00.000Z,2020-02-01T16:20:00.000,2020-02-01T08:20:00.000Z,2020-02-01T16:20:00.000,,,,,95,,,738,,,,,,,,,,,,,,,,,,,,,,,,,,,,,,,
1029743213,3U,3U,3U,8986,WUH,CTU,U,[],[],2020-02-01T06:50:00.000Z,2020-02-01T14:50:00.000,2020-02-01T08:55:00.000Z,2020-02-01T16:55:00.000,J,RJY,,"[{'fsCode': 'NTG', 'flightId': 1029743206}]",[],2020-02-01T06:50:00.000Z,2020-02-01T14:50:00.000,2020-02-01T06:50:00.000Z,2020-02-01T14:50:00.000,,,2020-02-01T08:55:00.000Z,2020-02-01T16:55:00.000,2020-02-01T08:55:00.000Z,2020-02-01T16:55:00.000,,,,,125,,1,319,,,,,,,,,,,,,,,,,,,,,,,,,,,,,,,
1029800298,MU,MU,MU,2533,WUH,PVG,U,"[{'fsCode': 'AF', 'flightNumber': '5296', 'relationship': 'L'}, {'fsCode': 'CZ', 'flightNumber': '9376', 'relationship': 'L'}, {'fsCode': 'DL', 'flightNumber': '6510', 'relationship': 'L'}, {'fsCode': 'QF', 'flightNumber': '4046', 'relationship': 'L'}]",[],2020-02-01T07:00:00.000Z,2020-02-01T15:00:00.000,2020-02-01T08:40:00.000Z,2020-02-01T16:40:00.000,J,RFJY,,[],[],2020-02-01T07:00:00.000Z,2020-02-01T15:00:00.000,2020-02-01T07:00:00.000Z,2020-02-01T15:00:00.000,2020-02-01T07:00:00.000Z,2020-02-01T15:00:00.000,2020-02-01T08:40:00.000Z,2020-02-01T16:40:00.000,2020-02-01T08:40:00.000Z,2020-02-01T16:40:00.000,2020-02-01T08:40:00.000Z,2020-02-01T16:40:00.000,,,100,3,1,737,,,,,,,,,,,,,,,,,,,,,,,,,,,,,,,
1029805757,CQN,CQN,CQN,2076,WUH,CKG,U,[],[],2020-02-01T07:10:00.000Z,2020-02-01T15:10:00.000,2020-02-01T08:55:00.000Z,2020-02-01T16:55:00.000,J,Y,,"[{'fsCode': 'HPG', 'flightId': 1029805750}]",[],2020-02-01T07:10:00.000Z,2020-02-01T15:10:00.000,2020-02-01T07:10:00.000Z,2020-02-01T15:10:00.000,,,2020-02-01T08:55:00.000Z,2020-02-01T16:55:00.000,2020-02-01T08:55:00.000Z,2020-02-01T16:55:00.000,,,,,105,,2,319,,,,,,,,,,,,,,,,,,,,,,,,,,,,,,,
1029769701,CZ,CZ,CZ,659,WUH,SFO,L,"[{'fsCode': 'AA', 'flightNumber': '7052', 'relationship': 'L'}, {'fsCode': 'DL', 'flightNumber': '7803', 'relationship': 'L'}]",[],2020-02-01T07:10:00.000Z,2020-02-01T15:10:00.000,2020-02-01T18:55:00.000Z,2020-02-01T10:55:00.000,J,RFJY,,"[{'fsCode': 'CAN', 'flightId': 1029769638}]",[],2020-02-01T07:10:00.000Z,2020-02-01T15:10:00.000,2020-02-01T07:10:00.000Z,2020-02-01T15:10:00.000,,,2020-02-01T18:55:00.000Z,2020-02-01T10:55:00.000,2020-02-01T18:55:00.000Z,2020-02-01T10:55:00.000,2020-02-01T18:16:00.000Z,2020-02-01T10:16:00.000,,,705,,INTL,789,,,,,,,2020-02-01T18:16:00.000Z,2020-02-01T10:16:00.000,2020-02-01T18:03:00.000Z,2020-02-01T10:03:00.000,2020-02-01T18:03:00.000Z,2020-02-01T10:03:00.000,,,,13,789,B-1128,2020-02-01T07:20:00.000Z,2020-02-01T15:20:00.000,2020-02-01T07:20:00.000Z,2020-02-01T15:20:00.000,2020-02-01T18:10:00.000Z,2020-02-01T10:10:00.000,2020-02-01T18:10:00.000Z,2020-02-01T10:10:00.000,650,10,45,A6,CL10
1029800176,MU,MU,MU,2465,WUH,SWA,U,[],[],2020-02-01T07:25:00.000Z,2020-02-01T15:25:00.000,2020-02-01T09:15:00.000Z,2020-02-01T17:15:00.000,J,RFJY,,[],"[{'fsCode': 'HAK', 'flightId': 1029800188}]",2020-02-01T07:25:00.000Z,2020-02-01T15:25:00.000,2020-02-01T07:25:00.000Z,2020-02-01T15:25:00.000,2020-02-01T07:25:00.000Z,2020-02-01T15:25:00.000,2020-02-01T09:15:00.000Z,2020-02-01T17:15:00.000,2020-02-01T09:15:00.000Z,2020-02-01T17:15:00.000,2020-02-01T09:15:00.000Z,2020-02-01T17:15:00.000,,,110,3,,73H,,,,,,,,,,,,,,,,,,,,,,,,,,,,,,,
1029800187,MU,MU,MU,2453,WUH,PEK,U,"[{'fsCode': 'AF', 'flightNumber': '5274', 'relationship': 'L'}]",[],2020-02-01T07:40:00.000Z,2020-02-01T15:40:00.000,2020-02-01T09:35:00.000Z,2020-02-01T17:35:00.000,J,RFJY,,"[{'fsCode': 'ENH', 'flightId': 1029800180}]",[],2020-02-01T07:40:00.000Z,2020-02-01T15:40:00.000,2020-02-01T07:40:00.000Z,2020-02-01T15:40:00.000,2020-02-01T07:40:00.000Z,2020-02-01T15:40:00.000,2020-02-01T09:35:00.000Z,2020-02-01T17:35:00.000,2020-02-01T09:35:00.000Z,2020-02-01T17:35:00.000,2020-02-01T09:35:00.000Z,2020-02-01T17:35:00.000,,,115,3,2,73H,,,,,,,,,,,,,,,,,,,,,,,,,,,,,,,
1029800181,MU,MU,MU,2505,WUH,SHA,U,"[{'fsCode': 'CZ', 'flightNumber': '9332', 'relationship': 'L'}]",[],2020-02-01T08:20:00.000Z,2020-02-01T16:20:00.000,2020-02-01T09:45:00.000Z,2020-02-01T17:45:00.000,J,RFJY,,[],[],2020-02-01T08:20:00.000Z,2020-02-01T16:20:00.000,2020-02-01T08:20:00.000Z,2020-02-01T16:20:00.000,2020-02-01T08:20:00.000Z,2020-02-01T16:20:00.000,2020-02-01T09:45:00.000Z,2020-02-01T17:45:00.000,2020-02-01T09:45:00.000Z,2020-02-01T17:45:00.000,2020-02-01T09:45:00.000Z,2020-02-01T17:45:00.000,,,85,3,2,73H,,,,,,,,,,,,,,,,,,,,,,,,,,,,,,,
1029800136,MU,MU,MU,2469,WUH,ENH,U,[],[],2020-02-01T08:45:00.000Z,2020-02-01T16:45:00.000,2020-02-01T09:55:00.000Z,2020-02-01T17:55:00.000,J,RFJY,,"[{'fsCode': 'SHA', 'flightId': 1029800125}]",[],2020-02-01T08:45:00.000Z,2020-02-01T16:45:00.000,2020-02-01T08:45:00.000Z,2020-02-01T16:45:00.000,2020-02-01T08:45:00.000Z,2020-02-01T16:45:00.000,2020-02-01T09:55:00.000Z,2020-02-01T17:55:00.000,2020-02-01T09:55:00.000Z,2020-02-01T17:55:00.000,2020-02-01T09:55:00.000Z,2020-02-01T17:55:00.000,,,70,3,,73H,,,,,,,,,,,,,,,,,,,,,,,,,,,,,,,
1029800182,MU,MU,MU,2485,WUH,KMG,U,[],[],2020-02-01T09:15:00.000Z,2020-02-01T17:15:00.000,2020-02-01T11:45:00.000Z,2020-02-01T19:45:00.000,J,RFJY,,[],[],2020-02-01T09:15:00.000Z,2020-02-01T17:15:00.000,2020-02-01T09:15:00.000Z,2020-02-01T17:15:00.000,,,2020-02-01T11:45:00.000Z,2020-02-01T19:45:00.000,2020-02-01T11:45:00.000Z,2020-02-01T19:45:00.000,,,,,150,,,738,,,,,,,,,,,,,,,,,,,,,,,,,,,,,,,
1029835277,ZH,ZH,ZH,9128,WUH,SZX,C,"[{'fsCode': 'CA', 'flightNumber': '3428', 'relationship': 'L'}]","[{'type': 'CANCELLATION', 'dateUtc': '2020-01-31T17:57:31.017Z'}]",2020-02-01T09:25:00.000Z,2020-02-01T17:25:00.000,2020-02-01T11:25:00.000Z,2020-02-01T19:25:00.000,J,RFJY,,"[{'fsCode': 'HET', 'flightId': 1029835275}]",[],2020-02-01T09:25:00.000Z,2020-02-01T17:25:00.000,2020-02-01T09:25:00.000Z,2020-02-01T17:25:00.000,2020-02-01T09:25:00.000Z,2020-02-01T17:25:00.000,2020-02-01T11:25:00.000Z,2020-02-01T19:25:00.000,2020-02-01T11:25:00.000Z,2020-02-01T19:25:00.000,2020-02-01T11:25:00.000Z,2020-02-01T19:25:00.000,,,120,3,T3,738,,,,,,,,,,,,,,,,,,,,,,,,,,,,,,,
1029805885,CQN,CQN,CQN,2378,WUH,CKG,U,[],[],2020-02-01T09:30:00.000Z,2020-02-01T17:30:00.000,2020-02-01T11:20:00.000Z,2020-02-01T19:20:00.000,J,Y,,[],[],2020-02-01T09:30:00.000Z,2020-02-01T17:30:00.000,2020-02-01T09:30:00.000Z,2020-02-01T17:30:00.000,,,2020-02-01T11:20:00.000Z,2020-02-01T19:20:00.000,2020-02-01T11:20:00.000Z,2020-02-01T19:20:00.000,,,,,110,,2,320,,,,,,,,,,,,,,,,,,,,,,,,,,,,,,,
1029756298,CI,CI,AE,218,WUH,TSA,C,"[{'fsCode': 'AE', 'flightNumber': '218', 'relationship': 'S'}]","[{'type': 'CANCELLATION', 'dateUtc': '2020-02-01T01:42:04.390Z'}]",2020-02-01T09:35:00.000Z,2020-02-01T17:35:00.000,2020-02-01T12:10:00.000Z,2020-02-01T20:10:00.000,J,RJY,,[],[],2020-02-01T09:35:00.000Z,2020-02-01T17:35:00.000,2020-02-01T09:35:00.000Z,2020-02-01T17:35:00.000,2020-02-01T09:35:00.000Z,2020-02-01T17:35:00.000,2020-02-01T12:10:00.000Z,2020-02-01T20:10:00.000,2020-02-01T12:10:00.000Z,2020-02-01T20:10:00.000,2020-02-01T12:10:00.000Z,2020-02-01T20:10:00.000,,,155,3,T1,738,,,,,,,,,,,,,,,,,738,,,,,,,,,,,,,,
1029800170,MU,MU,MU,2455,WUH,PEK,U,"[{'fsCode': 'AF', 'flightNumber': '5243', 'relationship': 'L'}, {'fsCode': 'CZ', 'flightNumber': '9113', 'relationship': 'L'}]",[],2020-02-01T09:50:00.000Z,2020-02-01T17:50:00.000,2020-02-01T11:55:00.000Z,2020-02-01T19:55:00.000,J,RFJY,,[],[],2020-02-01T09:50:00.000Z,2020-02-01T17:50:00.000,2020-02-01T09:50:00.000Z,2020-02-01T17:50:00.000,2020-02-01T09:50:00.000Z,2020-02-01T17:50:00.000,2020-02-01T11:55:00.000Z,2020-02-01T19:55:00.000,2020-02-01T11:55:00.000Z,2020-02-01T19:55:00.000,2020-02-01T11:55:00.000Z,2020-02-01T19:55:00.000,,,125,3,2,737,,,,,,,,,,,,,,,,,,,,,,,,,,,,,,,
1029947573,HU,HU,HU,7660,WUH,HAK,C,[],"[{'type': 'CANCELLATION', 'dateUtc': '2020-01-31T18:45:47.137Z'}]",2020-02-01T09:50:00.000Z,2020-02-01T17:50:00.000,2020-02-01T12:25:00.000Z,2020-02-01T20:25:00.000,,,,,,,,2020-02-01T09:50:00.000Z,2020-02-01T17:50:00.000,,,,,2020-02-01T12:25:00.000Z,2020-02-01T20:25:00.000,,,,,155,,,,,,,,,,,,,,,,,,,,73C,,,,,,,,,,,,,,
1029945791,HU,HU,HU,7582,WUH,PEK,C,[],"[{'type': 'CANCELLATION', 'dateUtc': '2020-01-31T12:12:01.443Z'}]",2020-02-01T09:55:00.000Z,2020-02-01T17:55:00.000,2020-02-01T11:55:00.000Z,2020-02-01T19:55:00.000,,,,,,,,2020-02-01T09:55:00.000Z,2020-02-01T17:55:00.000,,,,,2020-02-01T11:55:00.000Z,2020-02-01T19:55:00.000,,,,,120,,,,,,,,,,,,,,,,,,,,73C,,,,,,,,,,,,,,
1029800318,MU,MU,MU,2677,WUH,HIA,U,[],[],2020-02-01T10:00:00.000Z,2020-02-01T18:00:00.000,2020-02-01T11:35:00.000Z,2020-02-01T19:35:00.000,J,RFJY,,[],[],2020-02-01T10:00:00.000Z,2020-02-01T18:00:00.000,2020-02-01T10:00:00.000Z,2020-02-01T18:00:00.000,2020-02-01T06:35:00.000Z,2020-02-01T14:35:00.000,2020-02-01T11:35:00.000Z,2020-02-01T19:35:00.000,2020-02-01T11:35:00.000Z,2020-02-01T19:35:00.000,2020-02-01T07:55:00.000Z,2020-02-01T15:55:00.000,,,95,3,,738,,,,,,,,,,,,,,,,,,,,,,,,,,,,,,,
1029800121,MU,MU,MU,2474,WUH,LHW,U,[],[],2020-02-01T10:05:00.000Z,2020-02-01T18:05:00.000,2020-02-01T12:25:00.000Z,2020-02-01T20:25:00.000,J,RFJY,,"[{'fsCode': 'NGB', 'flightId': 1029800117}]",[],2020-02-01T10:05:00.000Z,2020-02-01T18:05:00.000,2020-02-01T10:05:00.000Z,2020-02-01T18:05:00.000,2020-02-01T10:05:00.000Z,2020-02-01T18:05:00.000,2020-02-01T12:25:00.000Z,2020-02-01T20:25:00.000,2020-02-01T12:25:00.000Z,2020-02-01T20:25:00.000,2020-02-01T12:25:00.000Z,2020-02-01T20:25:00.000,,,140,3,,73H,,,,,,,,,,,,,,,,,,,,,,,,,,,,,,,
1029801928,MU,MU,MU,9689,WUH,LZH,U,[],[],2020-02-01T10:30:00.000Z,2020-02-01T18:30:00.000,2020-02-01T12:15:00.000Z,2020-02-01T20:15:00.000,J,RFJY,,[],"[{'fsCode': 'SYX', 'flightId': 1029801935}]",2020-02-01T10:30:00.000Z,2020-02-01T18:30:00.000,2020-02-01T10:30:00.000Z,2020-02-01T18:30:00.000,2020-02-01T10:30:00.000Z,2020-02-01T18:30:00.000,2020-02-01T12:15:00.000Z,2020-02-01T20:15:00.000,2020-02-01T12:15:00.000Z,2020-02-01T20:15:00.000,2020-02-01T12:15:00.000Z,2020-02-01T20:15:00.000,,,105,3,T2,73H,,,,,,,,,,,,,,,,,,,,,,,,,,,,,,,
1029800179,MU,MU,MU,2513,WUH,SHA,U,"[{'fsCode': 'CZ', 'flightNumber': '9334', 'relationship': 'L'}]",[],2020-02-01T10:35:00.000Z,2020-02-01T18:35:00.000,2020-02-01T12:05:00.000Z,2020-02-01T20:05:00.000,J,RFJY,,[],[],2020-02-01T10:35:00.000Z,2020-02-01T18:35:00.000,2020-02-01T10:35:00.000Z,2020-02-01T18:35:00.000,,,2020-02-01T12:05:00.000Z,2020-02-01T20:05:00.000,2020-02-01T12:05:00.000Z,2020-02-01T20:05:00.000,,,,,90,,2,737,,,,,,,,,,,,,,,,,,,,,,,,,,,,,,,
1029800292,MU,MU,MU,2543,WUH,PVG,U,"[{'fsCode': 'AF', 'flightNumber': '9521', 'relationship': 'L'}, {'fsCode': 'DL', 'flightNumber': '6430', 'relationship': 'L'}, {'fsCode': 'JL', 'flightNumber': '5686', 'relationship': 'L'}, {'fsCode': 'QF', 'flightNumber': '4293', 'relationship': 'L'}]",[],2020-02-01T11:00:00.000Z,2020-02-01T19:00:00.000,2020-02-01T12:40:00.000Z,2020-02-01T20:40:00.000,J,RFJY,,[],[],2020-02-01T11:00:00.000Z,2020-02-01T19:00:00.000,2020-02-01T11:00:00.000Z,2020-02-01T19:00:00.000,2020-02-01T11:00:00.000Z,2020-02-01T19:00:00.000,2020-02-01T12:40:00.000Z,2020-02-01T20:40:00.000,2020-02-01T12:40:00.000Z,2020-02-01T20:40:00.000,2020-02-01T12:40:00.000Z,2020-02-01T20:40:00.000,,,100,3,1,73H,,,,,,,,,,,,,,,,,,,,,,,,,,,,,,,
1029835166,ZH,ZH,ZH,8778,WUH,JJN,C,"[{'fsCode': 'CA', 'flightNumber': '3308', 'relationship': 'L'}]","[{'type': 'CANCELLATION', 'dateUtc': '2020-01-31T23:23:39.388Z'}]",2020-02-01T11:15:00.000Z,2020-02-01T19:15:00.000,2020-02-01T13:00:00.000Z,2020-02-01T21:00:00.000,J,RFJY,,[],[],2020-02-01T11:15:00.000Z,2020-02-01T19:15:00.000,2020-02-01T11:15:00.000Z,2020-02-01T19:15:00.000,2020-02-01T11:15:00.000Z,2020-02-01T19:15:00.000,2020-02-01T13:00:00.000Z,2020-02-01T21:00:00.000,2020-02-01T13:00:00.000Z,2020-02-01T21:00:00.000,2020-02-01T13:00:00.000Z,2020-02-01T21:00:00.000,,,105,3,,320,,,,,,,,,,,,,,,,,,,,,,,,,,,,,,,
1029800290,MU,MU,MU,2653,WUH,CTU,U,[],[],2020-02-01T11:35:00.000Z,2020-02-01T19:35:00.000,2020-02-01T13:45:00.000Z,2020-02-01T21:45:00.000,J,RFJY,,[],[],2020-02-01T11:35:00.000Z,2020-02-01T19:35:00.000,2020-02-01T11:35:00.000Z,2020-02-01T19:35:00.000,2020-02-01T11:35:00.000Z,2020-02-01T19:35:00.000,2020-02-01T13:45:00.000Z,2020-02-01T21:45:00.000,2020-02-01T13:45:00.000Z,2020-02-01T21:45:00.000,2020-02-01T13:45:00.000Z,2020-02-01T21:45:00.000,,,130,3,T2,73H,,,,,,,,,,,,,,,,,,,,,,,,,,,,,,,
1029947577,HU,HU,HU,7662,WUH,HAK,C,[],"[{'type': 'CANCELLATION', 'dateUtc': '2020-01-31T18:45:47.602Z'}]",2020-02-01T11:40:00.000Z,2020-02-01T19:40:00.000,2020-02-01T14:15:00.000Z,2020-02-01T22:15:00.000,,,,,,,,2020-02-01T11:40:00.000Z,2020-02-01T19:40:00.000,,,,,2020-02-01T14:15:00.000Z,2020-02-01T22:15:00.000,,,,,155,,,,,,,,,,,,,,,,,,,,738,,,,,,,,,,,,,,
1029800172,MU,MU,MU,2483,WUH,SZX,U,"[{'fsCode': 'CZ', 'flightNumber': '9394', 'relationship': 'L'}]",[],2020-02-01T11:45:00.000Z,2020-02-01T19:45:00.000,2020-02-01T13:40:00.000Z,2020-02-01T21:40:00.000,J,RFJY,,[],[],2020-02-01T11:45:00.000Z,2020-02-01T19:45:00.000,2020-02-01T11:45:00.000Z,2020-02-01T19:45:00.000,2020-02-01T11:45:00.000Z,2020-02-01T19:45:00.000,2020-02-01T13:40:00.000Z,2020-02-01T21:40:00.000,2020-02-01T13:40:00.000Z,2020-02-01T21:40:00.000,2020-02-01T13:40:00.000Z,2020-02-01T21:40:00.000,,,115,3,T3,738,,,,,,,,,,,,,,,,,,,,,,,,,,,,,,,
1029835404,ZH,ZH,ZH,9369,WUH,SHE,C,"[{'fsCode': 'CA', 'flightNumber': '3461', 'relationship': 'L'}]","[{'type': 'CANCELLATION', 'dateUtc': '2020-01-31T20:53:46.285Z'}]",2020-02-01T11:50:00.000Z,2020-02-01T19:50:00.000,2020-02-01T14:45:00.000Z,2020-02-01T22:45:00.000,J,RFJY,,"[{'fsCode': 'NNG', 'flightId': 1029835401}]",[],2020-02-01T11:50:00.000Z,2020-02-01T19:50:00.000,2020-02-01T11:50:00.000Z,2020-02-01T19:50:00.000,2020-02-01T11:50:00.000Z,2020-02-01T19:50:00.000,2020-02-01T14:45:00.000Z,2020-02-01T22:45:00.000,2020-02-01T14:45:00.000Z,2020-02-01T22:45:00.000,2020-02-01T14:45:00.000Z,2020-02-01T22:45:00.000,,,175,3,T3,738,,,,,,,,,,,,,,,,,,,,,,,,,,,,,,,
1029800252,MU,MU,MU,2609,WUH,WNZ,U,[],[],2020-02-01T11:55:00.000Z,2020-02-01T19:55:00.000,2020-02-01T13:20:00.000Z,2020-02-01T21:20:00.000,J,RFJY,,[],[],2020-02-01T11:55:00.000Z,2020-02-01T19:55:00.000,2020-02-01T11:55:00.000Z,2020-02-01T19:55:00.000,2020-02-01T11:55:00.000Z,2020-02-01T19:55:00.000,2020-02-01T13:20:00.000Z,2020-02-01T21:20:00.000,2020-02-01T13:20:00.000Z,2020-02-01T21:20:00.000,2020-02-01T13:20:00.000Z,2020-02-01T21:20:00.000,,,85,3,,73H,,,,,,,,,,,,,,,,,,,,,,,,,,,,,,,
1029800197,MU,MU,MU,2482,WUH,KMG,U,[],[],2020-02-01T12:10:00.000Z,2020-02-01T20:10:00.000,2020-02-01T14:25:00.000Z,2020-02-01T22:25:00.000,J,RFJY,,"[{'fsCode': 'RIZ', 'flightId': 1029800190}]",[],2020-02-01T12:10:00.000Z,2020-02-01T20:10:00.000,2020-02-01T12:10:00.000Z,2020-02-01T20:10:00.000,2020-02-01T12:10:00.000Z,2020-02-01T20:10:00.000,2020-02-01T14:25:00.000Z,2020-02-01T22:25:00.000,2020-02-01T14:25:00.000Z,2020-02-01T22:25:00.000,2020-02-01T14:25:00.000Z,2020-02-01T22:25:00.000,,,135,3,,738,,,,,,,,,,,,,,,,,,,,,,,,,,,,,,,
1029947574,HU,HU,HU,7398,WUH,HAK,C,[],"[{'type': 'CANCELLATION', 'dateUtc': '2020-01-31T18:45:46.968Z'}]",2020-02-01T12:20:00.000Z,2020-02-01T20:20:00.000,2020-02-01T14:40:00.000Z,2020-02-01T22:40:00.000,,,,,,,,2020-02-01T12:20:00.000Z,2020-02-01T20:20:00.000,,,,,2020-02-01T14:40:00.000Z,2020-02-01T22:40:00.000,,,,,140,,,,,,,,,,,,,,,,,,,,73C,,,,,,,,,,,,,,
1029782398,G5,G5,G5,2910,WUH,WDS,U,[],[],2020-02-01T12:25:00.000Z,2020-02-01T20:25:00.000,2020-02-01T13:40:00.000Z,2020-02-01T21:40:00.000,J,RFJY,,[],"[{'fsCode': 'CKG', 'flightId': 1029782437}]",2020-02-01T12:25:00.000Z,2020-02-01T20:25:00.000,2020-02-01T12:25:00.000Z,2020-02-01T20:25:00.000,2020-02-01T12:25:00.000Z,2020-02-01T20:25:00.000,2020-02-01T13:40:00.000Z,2020-02-01T21:40:00.000,2020-02-01T13:40:00.000Z,2020-02-01T21:40:00.000,2020-02-01T13:40:00.000Z,2020-02-01T21:40:00.000,,,75,3,,CR9,,,,,,,,,,,,,,,,,,,,,,,,,,,,,,,
1029835145,ZH,ZH,ZH,8774,WUH,JJN,C,"[{'fsCode': 'CA', 'flightNumber': '3574', 'relationship': 'L'}]","[{'type': 'CANCELLATION', 'dateUtc': '2020-01-31T21:46:39.338Z'}]",2020-02-01T12:55:00.000Z,2020-02-01T20:55:00.000,2020-02-01T14:40:00.000Z,2020-02-01T22:40:00.000,J,RFJY,,"[{'fsCode': 'LHW', 'flightId': 1029835130}]",[],2020-02-01T12:55:00.000Z,2020-02-01T20:55:00.000,2020-02-01T12:55:00.000Z,2020-02-01T20:55:00.000,2020-02-01T12:55:00.000Z,2020-02-01T20:55:00.000,2020-02-01T14:40:00.000Z,2020-02-01T22:40:00.000,2020-02-01T14:40:00.000Z,2020-02-01T22:40:00.000,2020-02-01T14:40:00.000Z,2020-02-01T22:40:00.000,,,105,3,,320,,,,,,,,,,,,,,,,,,,,,,,,,,,,,,,
1029800326,MU,MU,MU,2657,WUH,CTU,U,[],[],2020-02-01T12:55:00.000Z,2020-02-01T20:55:00.000,2020-02-01T14:55:00.000Z,2020-02-01T22:55:00.000,J,RFJY,,[],[],2020-02-01T12:55:00.000Z,2020-02-01T20:55:00.000,2020-02-01T12:55:00.000Z,2020-02-01T20:55:00.000,2020-02-01T12:30:00.000Z,2020-02-01T20:30:00.000,2020-02-01T14:55:00.000Z,2020-02-01T22:55:00.000,2020-02-01T14:55:00.000Z,2020-02-01T22:55:00.000,2020-02-01T14:40:00.000Z,2020-02-01T22:40:00.000,,,120,3,T2,73H,,,,,,,,,,,,,,,,,,,,,,,,,,,,,,,
1029800171,MU,MU,MU,2470,WUH,SHA,U,[],[],2020-02-01T13:00:00.000Z,2020-02-01T21:00:00.000,2020-02-01T14:25:00.000Z,2020-02-01T22:25:00.000,J,RFJY,,"[{'fsCode': 'ENH', 'flightId': 1029800147}]",[],2020-02-01T13:00:00.000Z,2020-02-01T21:00:00.000,2020-02-01T13:00:00.000Z,2020-02-01T21:00:00.000,2020-02-01T13:00:00.000Z,2020-02-01T21:00:00.000,2020-02-01T14:25:00.000Z,2020-02-01T22:25:00.000,2020-02-01T14:25:00.000Z,2020-02-01T22:25:00.000,2020-02-01T14:25:00.000Z,2020-02-01T22:25:00.000,,,85,3,2,73H,,,,,,,,,,,,,,,,,,,,,,,,,,,,,,,
1029778350,FD,FD,FD,573,WUH,DMK,U,[],[],2020-02-01T13:20:00.000Z,2020-02-01T21:20:00.000,2020-02-01T17:05:00.000Z,2020-02-02T00:05:00.000,J,Y,,[],[],2020-02-01T13:20:00.000Z,2020-02-01T21:20:00.000,2020-02-01T13:20:00.000Z,2020-02-01T21:20:00.000,2020-02-01T13:20:00.000Z,2020-02-01T21:20:00.000,2020-02-01T17:05:00.000Z,2020-02-02T00:05:00.000,2020-02-01T17:05:00.000Z,2020-02-02T00:05:00.000,2020-02-01T17:05:00.000Z,2020-02-02T00:05:00.000,,,225,3,1,320,,,,,,,,,,,,,,,,,,,,,,,,,,,,,,,
1029947576,JD,JD,JD,5706,WUH,HAK,U,[],"[{'type': 'CANCELLATION', 'dateUtc': '2020-01-31T18:45:47.204Z'}, {'type': 'REINSTATEMENT', 'dateUtc': '2020-02-01T01:30:12.000Z'}]",2020-02-01T13:25:00.000Z,2020-02-01T21:25:00.000,2020-02-01T15:40:00.000Z,2020-02-01T23:40:00.000,,,,,,,,2020-02-01T13:25:00.000Z,2020-02-01T21:25:00.000,2020-02-01T13:25:00.000Z,2020-02-01T21:25:00.000,,,2020-02-01T15:40:00.000Z,2020-02-01T23:40:00.000,2020-02-01T15:40:00.000Z,2020-02-01T23:40:00.000,,,135,3,,,,,,,,,,,,,,,,,,,,,,,,,,,,,,,,,
1029766996,8Y*,8Y*,8Y*,9067,WUH,TAO,U,[],[],2020-02-01T14:05:00.000Z,2020-02-01T22:05:00.000,2020-02-01T16:10:00.000Z,2020-02-02T00:10:00.000,F,,,[],[],2020-02-01T14:05:00.000Z,2020-02-01T22:05:00.000,2020-02-01T14:05:00.000Z,2020-02-01T22:05:00.000,,,2020-02-01T16:10:00.000Z,2020-02-02T00:10:00.000,2020-02-01T16:10:00.000Z,2020-02-02T00:10:00.000,,,,,125,,,73F,,,,,,,,,,,,,,,,,,,,,,,,,,,,,,,
1029800126,MU,MU,MU,2459,WUH,PEK,U,"[{'fsCode': 'CZ', 'flightNumber': '9114', 'relationship': 'L'}]",[],2020-02-01T14:30:00.000Z,2020-02-01T22:30:00.000,2020-02-01T16:25:00.000Z,2020-02-02T00:25:00.000,J,RFJY,,[],[],2020-02-01T14:30:00.000Z,2020-02-01T22:30:00.000,2020-02-01T14:30:00.000Z,2020-02-01T22:30:00.000,2020-02-01T14:30:00.000Z,2020-02-01T22:30:00.000,2020-02-01T16:25:00.000Z,2020-02-02T00:25:00.000,2020-02-01T16:25:00.000Z,2020-02-02T00:25:00.000,2020-02-01T16:25:00.000Z,2020-02-02T00:25:00.000,,,115,3,2,738,,,,,,,,,,,,,,,,,,,,,,,,,,,,,,,
1029757893,AK,AK,AK,2139,WUH,BKI,C,[],"[{'type': 'CANCELLATION', 'dateUtc': '2020-02-01T03:52:28.461Z'}]",2020-02-01T15:45:00.000Z,2020-02-01T23:45:00.000,2020-02-01T19:55:00.000Z,2020-02-02T03:55:00.000,J,Y,,[],[],2020-02-01T15:45:00.000Z,2020-02-01T23:45:00.000,2020-02-01T15:45:00.000Z,2020-02-01T23:45:00.000,2020-02-01T15:45:00.000Z,2020-02-01T23:45:00.000,2020-02-01T19:55:00.000Z,2020-02-02T03:55:00.000,2020-02-01T19:55:00.000Z,2020-02-02T03:55:00.000,2020-02-01T19:55:00.000Z,2020-02-02T03:55:00.000,,,250,3,T1,320,,,,,,,,,,,,,,,,,32A,9M-RAI,,,,,,,,,,,,,